Novi,,a11d2e31854e811eaa1f702474484dd1-21dcb00bef9f6cc0.elb.us-west-2.amazonaws.com
Bison Trails,,a6c7d5afc80de11ea9bcd0a7a792c33e-564886650.ap-southeast-1.elb.amazonaws.com
Anchorage,,34.68.134.0
Spotify,,104.197.179.142
PayU,true,
Iliad,,51.159.75.165
Coinbase,,3.230.173.177:32251
Uber,,a0be2811e181148f193dbb130042ca17-fa9afbb369bf4b77.elb.us-west-2.amazonaws.com
Xapo,,af94dba999ebb4e6f93e9c26c2858c25-83ad3472e0f56803.elb.eu-west-1.amazonaws.com
Checkout,,a049842b8cae349708e857be33c5c064-ea2033d7c4e6936a.elb.eu-west-1.amazonaws.com
Farfetch,,20.50.43.42
Breakthrough Initiatives,,a092976324bb748d7b2885dc64e6c71a-dac92eeea83a39b1.elb.us-west-2.amazonaws.com
Ribbit Capital,,34.96.244.174
Mercy Corps,,35.246.147.6
Shopify,,libra-fullnode-pre-mainnet.shopifyapps.com
Lyft,,a0aa8f8cacac149bb8d5bd891fda3dfa-2285ad042afe7e20.elb.us-east-1.amazonaws.com
